{
  "model_performance": {
    "r_squared": 0.8360694278324687
  },
  "feature_names": [
    "x1",
    "x2",
    "x3",
    "x4",
    "x5"
  ],
  "PFI": {
    "feature": [
      "x1",
      "x2",
      "x3",
      "x4",
      "x5"
    ],
    "importance": [
      -0.00040478975036235555,
      -0.0005528669370104077,
      0.002421855799926888,
      0.827594311090778,
      0.39578089866742694
    ],
    "std": [
      0.0005002501148998785,
      0.0005326390336652871,
      0.0008435739290641399,
      0.030843246737793293,
      0.015084603191809123
    ]
  },
  "CFI": {
    "feature": [
      "x1",
      "x2",
      "x3",
      "x4",
      "x5"
    ],
    "importance": [
      -0.00020561049249581616,
      0.00012854076065387272,
      0.0011715622951043664,
      0.44956612016433206,
      0.3548294759265429
    ],
    "std": [
      0.00020282697361755046,
      0.0001953645905269613,
      0.0007619606762811547,
      0.015699937110395214,
      0.011919769759369094
    ]
  },
  "RFI": {
    "feature": [
      "x1",
      "x2",
      "x3",
      "x4",
      "x5"
    ],
    "importance": [
      -0.00028357831122138616,
      -0.0006402025662531243,
      7.1855357380171125e-06,
      0.44604751667785847,
      0.3551707296237634
    ],
    "std": [
      0.0008253031272043054,
      0.000884009652322667,
      0.0010641117975443892,
      0.04633866050209969,
      0.025631876198020948
    ],
    "conditioning_set": [
      "x3"
    ]
  },
  "SAGE_Marginal": {
    "feature": [
      "x1",
      "x2",
      "x3",
      "x4",
      "x5"
    ],
    "importance": [
      0.0006225468455780645,
      0.00013649322247296752,
      -0.0007323847427651329,
      0.43859226331752266,
      0.19627293415602534
    ],
    "std": [
      0.0030943803812861523,
      0.0028577719287072585,
      0.0026944118819612227,
      0.004763101308833101,
      0.005303356215462788
    ]
  },
  "SAGE_Conditional": {
    "feature": [
      "x1",
      "x2",
      "x3",
      "x4",
      "x5"
    ],
    "importance": [
      0.0017195988156361159,
      0.0013495105426018891,
      0.10379557537435044,
      0.33312947457625564,
      0.1947058558465719
    ],
    "std": [
      0.003207177000284756,
      0.0028062318492036884,
      0.03354650016613655,
      0.033454440873471616,
      0.004073637748138195
    ]
  }
}