{
  "model_performance": {
    "r_squared": 0.7805988475517217
  },
  "feature_names": [
    "important1",
    "important2",
    "important3",
    "important4",
    "important5",
    "unimportant1",
    "unimportant2",
    "unimportant3",
    "unimportant4",
    "unimportant5"
  ],
  "PFI": {
    "feature": [
      "important1",
      "important2",
      "important3",
      "important4",
      "important5",
      "unimportant1",
      "unimportant2",
      "unimportant3",
      "unimportant4",
      "unimportant5"
    ],
    "importance": [
      9.222898721419714,
      13.364260651368614,
      0.932061830515663,
      14.815733587228726,
      3.478482619693218,
      0.030678345893415938,
      0.01885196096925945,
      0.022331764215105566,
      -0.04027612205795759,
      0.35243332853991677
    ],
    "std": [
      3.2554757797969196,
      4.435335238533833,
      0.36328346811420453,
      3.3233759620373706,
      0.9846280932279303,
      0.13981347650747458,
      0.07490546267363273,
      0.08755428246604662,
      0.1256863836350497,
      0.07230730100889461
    ]
  },
  "CFI": {
    "feature": [
      "important1",
      "important2",
      "important3",
      "important4",
      "important5",
      "unimportant1",
      "unimportant2",
      "unimportant3",
      "unimportant4",
      "unimportant5"
    ],
    "importance": [
      5.826283597378283,
      12.108968288656929,
      0.7882383254414096,
      11.646543898672768,
      3.6200317851752386,
      0.10639824615873099,
      0.032310149000033664,
      -0.03928967743597571,
      0.06734834729970132,
      0.32706962046020766
    ],
    "std": [
      3.082723099739513,
      3.27251660541492,
      0.1314330633223802,
      3.1848563502142766,
      1.1593240686669155,
      0.06226784990853756,
      0.08816450119220712,
      0.08019508930627665,
      0.05109512845420392,
      0.11423876175702007
    ]
  },
  "RFI": {
    "feature": [
      "important1",
      "important2",
      "important3",
      "important4",
      "important5",
      "unimportant1",
      "unimportant2",
      "unimportant3",
      "unimportant4",
      "unimportant5"
    ],
    "importance": [
      -0.7108883149392277,
      2.7422731029223177,
      0.6525031386144633,
      13.225688542611417,
      3.3956008186805926,
      -0.0432076643533705,
      0.04796472385753896,
      -0.05336626358501597,
      0.06963053905466055,
      0.3867913933014659
    ],
    "std": [
      3.9000864660244714,
      5.2502448414882394,
      0.1468647735908857,
      9.445203330777701,
      0.48242832835114696,
      0.22413728010320397,
      0.13646906139071066,
      0.17125906704214736,
      0.1980062862680553,
      0.15408215374204
    ],
    "conditioning_set": [
      "important1",
      "important2"
    ]
  },
  "SAGE_Marginal": {
    "feature": [
      "important1",
      "important2",
      "important3",
      "important4",
      "important5",
      "unimportant1",
      "unimportant2",
      "unimportant3",
      "unimportant4",
      "unimportant5"
    ],
    "importance": [
      2.423860189038117,
      7.244985632864564,
      0.4975679356654099,
      8.587086269637751,
      3.1735841589588913,
      0.05549599031640269,
      0.11779998982655063,
      0.058486605790829045,
      0.0035321636475904687,
      0.12785978317916274
    ],
    "std": [
      0.05014734729555667,
      0.058250012945653136,
      0.041226365112577795,
      0.09878886606641735,
      0.1350996583340086,
      0.05533299514798676,
      0.045742616854098805,
      0.0793173000461529,
      0.0795004925564438,
      0.033132693361856126
    ]
  },
  "SAGE_Conditional": {
    "feature": [
      "important1",
      "important2",
      "important3",
      "important4",
      "important5",
      "unimportant1",
      "unimportant2",
      "unimportant3",
      "unimportant4",
      "unimportant5"
    ],
    "importance": [
      3.453595341229157,
      6.113586103740005,
      0.9878385284334128,
      9.04813613535606,
      4.345235526340626,
      0.7851037304902895,
      0.5085276781663495,
      0.3316803558770515,
      0.008972234876097149,
      -0.15830464412450862
    ],
    "std": [
      0.03108529907160254,
      0.3222612356362707,
      0.5790915699152575,
      0.3744402628216444,
      1.3292147260898943,
      1.1912922347458912,
      0.9203443039416763,
      0.5474575121695261,
      0.33615103911791294,
      0.5809367707821987
    ]
  }
}