{
  "model_performance": {
    "r_squared": 0.78404245891328
  },
  "feature_names": [
    "important1",
    "important2",
    "important3",
    "important4",
    "important5",
    "unimportant1",
    "unimportant2",
    "unimportant3",
    "unimportant4",
    "unimportant5"
  ],
  "PFI": {
    "feature": [
      "important1",
      "important2",
      "important3",
      "important4",
      "important5",
      "unimportant1",
      "unimportant2",
      "unimportant3",
      "unimportant4",
      "unimportant5"
    ],
    "importance": [
      11.81936653224178,
      7.481683485321257,
      0.4183819499974524,
      13.628165062738455,
      2.6152591224894053,
      0.015039026739669836,
      0.01748110145265791,
      0.04954614681437164,
      0.06883043028704572,
      0.030706565645562733
    ],
    "std": [
      0.0,
      0.0,
      0.0,
      0.0,
      0.0,
      0.0,
      0.0,
      0.0,
      0.0,
      0.0
    ]
  },
  "CFI": {
    "feature": [
      "important1",
      "important2",
      "important3",
      "important4",
      "important5",
      "unimportant1",
      "unimportant2",
      "unimportant3",
      "unimportant4",
      "unimportant5"
    ],
    "importance": [
      7.336255439512717,
      5.725970545859781,
      0.6408608457418009,
      16.174413536335813,
      3.138224608611938,
      0.06553988748377959,
      0.0837131269914595,
      0.02076549905888747,
      0.10829612448091641,
      -0.09959595373727526
    ],
    "std": [
      0.0,
      0.0,
      0.0,
      0.0,
      0.0,
      0.0,
      0.0,
      0.0,
      0.0,
      0.0
    ]
  },
  "RFI": {
    "feature": [
      "important1",
      "important2",
      "important3",
      "important4",
      "important5",
      "unimportant1",
      "unimportant2",
      "unimportant3",
      "unimportant4",
      "unimportant5"
    ],
    "importance": [
      0.2240543007515754,
      -0.12518744099748425,
      0.836599704535801,
      6.7529519617000755,
      4.481660615120251,
      0.2105784957539134,
      -0.17423641656815425,
      -0.08825548419050167,
      -0.2421764247240792,
      -0.07686417627168751
    ],
    "std": [
      0.0,
      0.0,
      0.0,
      0.0,
      0.0,
      0.0,
      0.0,
      0.0,
      0.0,
      0.0
    ],
    "conditioning_set": [
      "important1",
      "important2"
    ]
  },
  "SAGE_Marginal": {
    "feature": [
      "important1",
      "important2",
      "important3",
      "important4",
      "important5",
      "unimportant1",
      "unimportant2",
      "unimportant3",
      "unimportant4",
      "unimportant5"
    ],
    "importance": [
      3.3791416127288922,
      5.306251189361418,
      0.10568521858899321,
      5.7580505704387885,
      3.0391785653076546,
      -0.046310836402063016,
      -0.18357401599160483,
      -0.09327468094942233,
      0.03599213530830861,
      0.043633972165140734
    ],
    "std": [
      0.0675828813326633,
      0.0577805570821333,
      0.17451870602579614,
      0.16472826409968971,
      0.018895294422487042,
      0.022092431073217015,
      0.07446907226946346,
      0.18196783149465798,
      0.13506705138156216,
      0.11563554548941435
    ]
  },
  "SAGE_Conditional": {
    "feature": [
      "important1",
      "important2",
      "important3",
      "important4",
      "important5",
      "unimportant1",
      "unimportant2",
      "unimportant3",
      "unimportant4",
      "unimportant5"
    ],
    "importance": [
      4.109160643956092,
      5.093611409802639,
      -0.3395125465423234,
      5.466535250198492,
      2.6237574333698706,
      -0.2933086144971931,
      0.16919028226931834,
      -0.2853112388540476,
      -0.49441373286212387,
      0.3989730695124399
    ],
    "std": [
      1.1143229873779819,
      0.27655258806896993,
      0.8715004377420483,
      0.5637226066400132,
      0.36903128648733524,
      1.2140351237568867,
      0.5544961423758148,
      0.6042265838181526,
      0.2924511943404985,
      0.4079700046856797
    ]
  }
}