{
  "model_performance": {
    "r_squared": 0.9696833823805567
  },
  "feature_names": [
    "x1",
    "x2",
    "x3",
    "x4",
    "x5"
  ],
  "PFI": {
    "feature": [
      "x1",
      "x2",
      "x3",
      "x4",
      "x5"
    ],
    "importance": [
      0.0004831579832805952,
      0.00100327035305675,
      0.0005203191487769251,
      0.3432401706076885,
      0.378385946055346
    ],
    "std": [
      0.0001144698161556959,
      0.0003919542233842459,
      0.00043444853854763806,
      0.05085412703649605,
      0.07588221837381007
    ]
  },
  "CFI": {
    "feature": [
      "x1",
      "x2",
      "x3",
      "x4",
      "x5"
    ],
    "importance": [
      5.966856334869292e-06,
      2.8243020879611947e-05,
      -0.0002318996548372372,
      0.039128912478098646,
      0.35766440435314106
    ],
    "std": [
      1.180298760881925e-05,
      1.3390105871076948e-05,
      0.00035984219407386345,
      0.01106220463578391,
      0.027842452010917663
    ]
  },
  "RFI": {
    "feature": [
      "x1",
      "x2",
      "x3",
      "x4",
      "x5"
    ],
    "importance": [
      0.00015216374037637718,
      0.0003633003163548934,
      0.0005948819836554469,
      0.20750978482645305,
      0.3428564371396575
    ],
    "std": [
      0.00035771471791788895,
      0.0003977893490547499,
      0.0008887273774873757,
      0.14789307400840215,
      0.13031761292941163
    ],
    "conditioning_set": [
      "x1",
      "x2"
    ]
  },
  "SAGE_Marginal": {
    "feature": [
      "x1",
      "x2",
      "x3",
      "x4",
      "x5"
    ],
    "importance": [
      -0.0006461165892813763,
      0.011192141986048794,
      0.015786889677040724,
      0.16092597533346242,
      0.23528871173811694
    ],
    "std": [
      0.01104855631995134,
      0.004561226139657419,
      0.014072223785562547,
      0.02351092594449565,
      0.007704546504156354
    ]
  },
  "SAGE_Conditional": {
    "feature": [
      "x1",
      "x2",
      "x3",
      "x4",
      "x5"
    ],
    "importance": [
      0.0020960135914227396,
      0.006275804356229928,
      0.06198098174480904,
      0.09770380900228011,
      0.2341001981590543
    ],
    "std": [
      0.0018172835317265396,
      0.010913230684262644,
      0.012486841388205019,
      0.035636324413388494,
      0.022069076735422983
    ]
  }
}