{
  "model_performance": {
    "r_squared": 0.8376222202454977
  },
  "feature_names": [
    "x1",
    "x2",
    "x3",
    "x4",
    "x5"
  ],
  "PFI": {
    "feature": [
      "x1",
      "x2",
      "x3",
      "x4",
      "x5"
    ],
    "importance": [
      0.0005723744553339128,
      0.002030189331128393,
      0.00297913786402354,
      0.7891889934549766,
      0.4808876957546014
    ],
    "std": [
      0.002769653794233636,
      0.0009037982596362312,
      0.006441541917256412,
      0.15806955496755412,
      0.08916937673236403
    ]
  },
  "CFI": {
    "feature": [
      "x1",
      "x2",
      "x3",
      "x4",
      "x5"
    ],
    "importance": [
      0.001060889912922533,
      -0.0006639931390794301,
      0.0012882715918473256,
      0.4705584595329994,
      0.44905429891917104
    ],
    "std": [
      0.0014216720616925217,
      0.0018400934997648702,
      0.0075819659520262725,
      0.12250161917176475,
      0.12121756635066328
    ]
  },
  "RFI": {
    "feature": [
      "x1",
      "x2",
      "x3",
      "x4",
      "x5"
    ],
    "importance": [
      -1.8437524032971496e-05,
      0.00024630202250455204,
      0.0018311762107416948,
      0.6920023756266419,
      0.2546120826759506
    ],
    "std": [
      0.004008458230004259,
      0.002052678169597751,
      0.007545681701313735,
      0.2501667233449083,
      0.18509317326667962
    ],
    "conditioning_set": [
      "x1",
      "x2"
    ]
  },
  "SAGE_Marginal": {
    "feature": [
      "x1",
      "x2",
      "x3",
      "x4",
      "x5"
    ],
    "importance": [
      0.0020981469910695974,
      -0.013063670139939846,
      0.014729797380562626,
      0.46945941444121225,
      0.3759182285969822
    ],
    "std": [
      0.0006026442946178732,
      0.010230069330264546,
      0.02094636232226054,
      0.02666134057375853,
      0.007326541621295415
    ]
  },
  "SAGE_Conditional": {
    "feature": [
      "x1",
      "x2",
      "x3",
      "x4",
      "x5"
    ],
    "importance": [
      0.00020692924557166176,
      -0.0272722895172557,
      0.09066826970013689,
      0.36613011567118925,
      0.3567016600676941
    ],
    "std": [
      0.0349657055948857,
      0.017954177509263994,
      0.03591741494268875,
      0.013265155457975658,
      0.011630554445599649
    ]
  }
}