{
  "model_performance": {
    "r_squared": 0.78404245891328
  },
  "feature_names": [
    "important1",
    "important2",
    "important3",
    "important4",
    "important5",
    "unimportant1",
    "unimportant2",
    "unimportant3",
    "unimportant4",
    "unimportant5"
  ],
  "PFI": {
    "feature": [
      "important1",
      "important2",
      "important3",
      "important4",
      "important5",
      "unimportant1",
      "unimportant2",
      "unimportant3",
      "unimportant4",
      "unimportant5"
    ],
    "importance": [
      10.207842156653745,
      8.425568121933676,
      1.3501484407928415,
      12.410565546071156,
      3.0489845501433264,
      -0.03150470659507336,
      0.08697480656976264,
      0.020680503286522267,
      0.07074439638946065,
      -0.030987517900307803
    ],
    "std": [
      2.2208604572266424,
      2.3307997723553555,
      0.3737217053037471,
      2.18360530246128,
      1.040038229931529,
      0.07880857736238257,
      0.1299591590996988,
      0.08456076044941253,
      0.05791819753777667,
      0.02273990702471194
    ]
  },
  "CFI": {
    "feature": [
      "important1",
      "important2",
      "important3",
      "important4",
      "important5",
      "unimportant1",
      "unimportant2",
      "unimportant3",
      "unimportant4",
      "unimportant5"
    ],
    "importance": [
      7.557595083382968,
      9.777602560541915,
      1.1079252720597483,
      12.39984455185775,
      2.232500770507317,
      0.008620246528336128,
      0.10719528508184464,
      0.068033992589515,
      0.14107223345742134,
      -0.06362797684415859
    ],
    "std": [
      1.282477903847991,
      2.2621301483175738,
      0.639722927063403,
      2.61207567884402,
      0.53664778488757,
      0.07696709535930282,
      0.10654775919942978,
      0.053869033231184915,
      0.11948704609264343,
      0.057540390382815
    ]
  },
  "RFI": {
    "feature": [
      "important1",
      "important2",
      "important3",
      "important4",
      "important5",
      "unimportant1",
      "unimportant2",
      "unimportant3",
      "unimportant4",
      "unimportant5"
    ],
    "importance": [
      1.2067183434098663,
      -1.2427261585733578,
      0.8762931412895105,
      16.855898272368428,
      3.605172258957713,
      -0.0038310811355026786,
      0.07616396469992007,
      0.0015192479440950812,
      0.2429670393656532,
      -0.026084939462526168
    ],
    "std": [
      3.1042454742129197,
      2.700906133889548,
      0.8832044525126785,
      3.1253942282403346,
      0.619776124714753,
      0.16456376908795323,
      0.17688705602584237,
      0.12181490620484085,
      0.20409734042766156,
      0.07667242882472614
    ],
    "conditioning_set": [
      "important1",
      "important2"
    ]
  },
  "SAGE_Marginal": {
    "feature": [
      "important1",
      "important2",
      "important3",
      "important4",
      "important5",
      "unimportant1",
      "unimportant2",
      "unimportant3",
      "unimportant4",
      "unimportant5"
    ],
    "importance": [
      3.0807733098591408,
      5.171536928328779,
      -0.0018032619676483924,
      5.937177089313645,
      3.0373948047472674,
      0.020904840263809933,
      0.08791833218100861,
      0.143756680470324,
      -0.0742905115789333,
      -0.013695606529174058
    ],
    "std": [
      0.23994112907308873,
      0.22280682664709056,
      0.08259229537473443,
      0.15763121971450036,
      0.07634962380780594,
      0.03182451194212561,
      0.00782775711177073,
      0.24546901880575966,
      0.0721915559206153,
      0.13594653224572995
    ]
  },
  "SAGE_Conditional": {
    "feature": [
      "important1",
      "important2",
      "important3",
      "important4",
      "important5",
      "unimportant1",
      "unimportant2",
      "unimportant3",
      "unimportant4",
      "unimportant5"
    ],
    "importance": [
      4.510610682231674,
      5.235880365557712,
      0.17064893478243773,
      4.554857305465305,
      3.993963704362546,
      -1.432960781959477,
      0.013593038138894377,
      0.4474060042566918,
      -0.2886598718064288,
      0.5695219692026189
    ],
    "std": [
      0.3360957049757429,
      0.7497982978347363,
      0.20620561426641515,
      0.3800202146237265,
      0.45122175412852766,
      2.0541554506566184,
      0.17444314225264707,
      0.26671794696178835,
      0.45665161033946333,
      0.616726449685477
    ]
  }
}