{
  "model_performance": {
    "r_squared": 0.801618692481928
  },
  "feature_names": [
    "important1",
    "important2",
    "important3",
    "important4",
    "important5",
    "unimportant1",
    "unimportant2",
    "unimportant3",
    "unimportant4",
    "unimportant5"
  ],
  "PFI": {
    "feature": [
      "important1",
      "important2",
      "important3",
      "important4",
      "important5",
      "unimportant1",
      "unimportant2",
      "unimportant3",
      "unimportant4",
      "unimportant5"
    ],
    "importance": [
      4.379558466834644,
      14.220921658282618,
      0.912304412698683,
      18.7277612158401,
      4.315962450929834,
      0.007897170553033739,
      -0.00877736852501787,
      0.09274555631430026,
      -0.1919367325905572,
      0.02683380924430878
    ],
    "std": [
      0.0,
      0.0,
      0.0,
      0.0,
      0.0,
      0.0,
      0.0,
      0.0,
      0.0,
      0.0
    ]
  },
  "CFI": {
    "feature": [
      "important1",
      "important2",
      "important3",
      "important4",
      "important5",
      "unimportant1",
      "unimportant2",
      "unimportant3",
      "unimportant4",
      "unimportant5"
    ],
    "importance": [
      7.113085696278202,
      9.929006558961486,
      1.2683475379636684,
      12.710018822289989,
      3.8642744964726647,
      0.16955329303729805,
      0.05660873816757839,
      -0.21496122814902563,
      -0.06867534966188948,
      -0.1252397027737997
    ],
    "std": [
      0.0,
      0.0,
      0.0,
      0.0,
      0.0,
      0.0,
      0.0,
      0.0,
      0.0,
      0.0
    ]
  },
  "RFI": {
    "feature": [
      "important1",
      "important2",
      "important3",
      "important4",
      "important5",
      "unimportant1",
      "unimportant2",
      "unimportant3",
      "unimportant4",
      "unimportant5"
    ],
    "importance": [
      -1.9052787009255852,
      5.118348950399466,
      1.5855497470056,
      9.849659271950925,
      4.1865188090165715,
      0.2955265642289895,
      0.03574031964261515,
      -0.2217842570455817,
      -0.0454165698405804,
      -0.023838968793553406
    ],
    "std": [
      0.0,
      0.0,
      0.0,
      0.0,
      0.0,
      0.0,
      0.0,
      0.0,
      0.0,
      0.0
    ],
    "conditioning_set": [
      "important1",
      "important2"
    ]
  },
  "SAGE_Marginal": {
    "feature": [
      "important1",
      "important2",
      "important3",
      "important4",
      "important5",
      "unimportant1",
      "unimportant2",
      "unimportant3",
      "unimportant4",
      "unimportant5"
    ],
    "importance": [
      3.5075805353465705,
      7.186904005440675,
      1.2539115484483334,
      7.480786444268096,
      3.6745189958026314,
      0.145034377616705,
      -0.03956505247265257,
      0.054801395374871255,
      -0.416259406044845,
      0.13772223595170466
    ],
    "std": [
      0.0007378586728058899,
      0.0520502063318103,
      0.1921929711357652,
      0.14925631408966172,
      0.007842836436930144,
      0.2067149041070821,
      0.08695708967748976,
      0.09194704835337289,
      0.07754215423870586,
      0.09565175189934841
    ]
  },
  "SAGE_Conditional": {
    "feature": [
      "important1",
      "important2",
      "important3",
      "important4",
      "important5",
      "unimportant1",
      "unimportant2",
      "unimportant3",
      "unimportant4",
      "unimportant5"
    ],
    "importance": [
      3.382495155387469,
      7.106387428723622,
      1.3769943491830166,
      8.03529273316694,
      3.4691496438783127,
      0.7348339551915719,
      0.004303242072515534,
      0.5029479912830386,
      -0.8511525962121458,
      -0.10961479029801331
    ],
    "std": [
      1.9963029217205688,
      0.031025724291631016,
      0.5767695822164832,
      1.075316726438463,
      0.19733041613788263,
      0.1458331502433112,
      0.11774650743515522,
      0.2975965007470911,
      0.5286675439078333,
      0.23212988926778141
    ]
  }
}