{
  "model_performance": {
    "r_squared": 0.8323647393288778
  },
  "feature_names": [
    "important1",
    "important2",
    "important3",
    "important4",
    "important5",
    "unimportant1",
    "unimportant2",
    "unimportant3",
    "unimportant4",
    "unimportant5"
  ],
  "PFI": {
    "feature": [
      "important1",
      "important2",
      "important3",
      "important4",
      "important5",
      "unimportant1",
      "unimportant2",
      "unimportant3",
      "unimportant4",
      "unimportant5"
    ],
    "importance": [
      9.702860839202412,
      8.023139286619909,
      0.6311572061960582,
      13.27807706609527,
      1.1049647839769143,
      -0.046438525822431756,
      -0.0985682366203485,
      0.06054634654929414,
      0.02157993494611281,
      -0.09505784126506116
    ],
    "std": [
      3.519358713835035,
      2.4372625123839033,
      0.5991995414415076,
      4.508161894548049,
      0.7352435912898521,
      0.07396315480501554,
      0.041299986294073714,
      0.10198199090997857,
      0.05563845352048749,
      0.10362204430145304
    ]
  },
  "CFI": {
    "feature": [
      "important1",
      "important2",
      "important3",
      "important4",
      "important5",
      "unimportant1",
      "unimportant2",
      "unimportant3",
      "unimportant4",
      "unimportant5"
    ],
    "importance": [
      8.666329488045454,
      9.074919256302367,
      0.8222654457615194,
      15.456471695859426,
      1.2320985644027118,
      -0.09111255861770769,
      -0.09240598526061801,
      0.11686778071121484,
      0.0537362320613954,
      -0.04742960507196532
    ],
    "std": [
      1.9018093302682604,
      2.427240235647797,
      0.7303424829222774,
      2.282443282176686,
      1.1375884049012301,
      0.0767248246526834,
      0.026579164557379527,
      0.06783289410962998,
      0.04080744660698549,
      0.15764569976483733
    ]
  },
  "RFI": {
    "feature": [
      "important1",
      "important2",
      "important3",
      "important4",
      "important5",
      "unimportant1",
      "unimportant2",
      "unimportant3",
      "unimportant4",
      "unimportant5"
    ],
    "importance": [
      -0.643367871123505,
      -1.6764606134738123,
      0.863811563406475,
      16.037096839876646,
      1.2174599047561014,
      -0.009645095943363113,
      -0.08260655289479821,
      0.04870490837418915,
      -0.01259795813687754,
      -0.03243166974809775
    ],
    "std": [
      4.117560937804829,
      2.331527775344097,
      0.5905529959662379,
      4.5471748815460815,
      0.9966876646829946,
      0.06480857042333445,
      0.13030262916458846,
      0.10338069846312331,
      0.1472535482683578,
      0.21566013117934021
    ],
    "conditioning_set": [
      "important1",
      "important2"
    ]
  },
  "SAGE_Marginal": {
    "feature": [
      "important1",
      "important2",
      "important3",
      "important4",
      "important5",
      "unimportant1",
      "unimportant2",
      "unimportant3",
      "unimportant4",
      "unimportant5"
    ],
    "importance": [
      7.148307960376884,
      6.005297231863821,
      -0.24184917141104637,
      10.986513741860174,
      2.386747372543822,
      -0.02882665288760269,
      -0.18537260611716963,
      0.007087934510181538,
      -0.18824320909444486,
      -0.1424086307783301
    ],
    "std": [
      0.17072456528558647,
      0.018953488487392943,
      0.08621278494204285,
      0.0606345987558507,
      0.04463249993675251,
      0.05241574416633482,
      0.13434264056516945,
      0.018283102764431562,
      0.029118495794430266,
      0.017154103632476537
    ]
  },
  "SAGE_Conditional": {
    "feature": [
      "important1",
      "important2",
      "important3",
      "important4",
      "important5",
      "unimportant1",
      "unimportant2",
      "unimportant3",
      "unimportant4",
      "unimportant5"
    ],
    "importance": [
      6.022072319533994,
      6.561737537416507,
      0.8514600580695509,
      10.492757221569635,
      1.4940481453738301,
      0.1852110503461452,
      0.5696447403022744,
      0.9099722646621735,
      0.31237103194909005,
      0.7926992886854716
    ],
    "std": [
      0.36964551005392043,
      0.8895600099998205,
      0.36202298013206846,
      0.933821426605992,
      0.21897486286564094,
      1.6099503021040682,
      0.14027947937393653,
      0.6529003457317134,
      0.35839948442783215,
      1.2728728913202667
    ]
  }
}