{
  "model_performance": {
    "r_squared": 0.78404245891328
  },
  "feature_names": [
    "important1",
    "important2",
    "important3",
    "important4",
    "important5",
    "unimportant1",
    "unimportant2",
    "unimportant3",
    "unimportant4",
    "unimportant5"
  ],
  "PFI": {
    "feature": [
      "important1",
      "important2",
      "important3",
      "important4",
      "important5",
      "unimportant1",
      "unimportant2",
      "unimportant3",
      "unimportant4",
      "unimportant5"
    ],
    "importance": [
      10.207842156653745,
      8.425568121933676,
      1.3501484407928415,
      12.410565546071156,
      3.0489845501433264,
      -0.03150470659507336,
      0.08697480656976264,
      0.020680503286522267,
      0.07074439638946065,
      -0.030987517900307803
    ],
    "std": [
      2.2208604572266424,
      2.3307997723553555,
      0.3737217053037471,
      2.18360530246128,
      1.040038229931529,
      0.07880857736238257,
      0.1299591590996988,
      0.08456076044941253,
      0.05791819753777667,
      0.02273990702471194
    ]
  },
  "CFI": {
    "feature": [
      "important1",
      "important2",
      "important3",
      "important4",
      "important5",
      "unimportant1",
      "unimportant2",
      "unimportant3",
      "unimportant4",
      "unimportant5"
    ],
    "importance": [
      9.947363606436426,
      8.680287675064964,
      0.9473172717999961,
      12.8774732792651,
      2.3772504117176516,
      -0.042401040775739765,
      0.09433539378644662,
      -0.0002770696387732308,
      -0.006872432242923577,
      -0.04558643082314582
    ],
    "std": [
      1.4778753561850406,
      1.9933078256213796,
      0.3674359238275468,
      5.0907153284128395,
      0.47935219042675636,
      0.06142301725886393,
      0.15298350039718148,
      0.05414569153367965,
      0.1343767432467365,
      0.05324582323940853
    ]
  },
  "RFI": {
    "feature": [
      "important1",
      "important2",
      "important3",
      "important4",
      "important5",
      "unimportant1",
      "unimportant2",
      "unimportant3",
      "unimportant4",
      "unimportant5"
    ],
    "importance": [
      1.2067183434098663,
      -1.2427261585733578,
      1.2224404726582272,
      16.094894230664742,
      4.225338829946658,
      0.03517660507215492,
      0.12553709238428415,
      -0.011744746125777628,
      0.19027520808209167,
      -0.05377854153427046
    ],
    "std": [
      3.1042454742129197,
      2.700906133889548,
      0.5634781051037323,
      7.053739987358384,
      0.5944756476865806,
      0.126009805361823,
      0.16539314004056033,
      0.15106713315556192,
      0.22945058448484165,
      0.10133641256789384
    ],
    "conditioning_set": [
      "important1",
      "important2"
    ]
  },
  "SAGE_Marginal": {
    "feature": [
      "important1",
      "important2",
      "important3",
      "important4",
      "important5",
      "unimportant1",
      "unimportant2",
      "unimportant3",
      "unimportant4",
      "unimportant5"
    ],
    "importance": [
      3.0809275993466634,
      5.331200527314891,
      -0.0006829690605370843,
      5.855196662016826,
      2.902838821329739,
      -0.03520681557237528,
      -0.051226375670859914,
      0.05204431778144233,
      0.10151626436459435,
      -0.04054365413268782
    ],
    "std": [
      0.030345189809368112,
      0.17226766489450682,
      0.04598121541649458,
      0.34668104483254514,
      0.3036832537048909,
      0.03794928718940012,
      0.058653286190052965,
      0.06019005160991802,
      0.12645423585653662,
      0.05177714284696459
    ]
  },
  "SAGE_Conditional": {
    "feature": [
      "important1",
      "important2",
      "important3",
      "important4",
      "important5",
      "unimportant1",
      "unimportant2",
      "unimportant3",
      "unimportant4",
      "unimportant5"
    ],
    "importance": [
      4.53214860699474,
      5.099605676573203,
      -0.0776390686580071,
      5.214239480259378,
      3.4204036441178474,
      -0.49819839009575306,
      -0.04542984465390462,
      -0.32951493962755984,
      0.09616254486961145,
      0.15065685755239808
    ],
    "std": [
      0.5695089133036325,
      1.0676391093177546,
      0.6447730295308052,
      0.4483196697126526,
      0.5113302747919569,
      0.1497575399853471,
      0.3316018303518793,
      0.2831592533875064,
      0.38355483869768975,
      0.25565128960856776
    ]
  }
}