{
  "model_performance": {
    "r_squared": 0.78404245891328
  },
  "feature_names": [
    "important1",
    "important2",
    "important3",
    "important4",
    "important5",
    "unimportant1",
    "unimportant2",
    "unimportant3",
    "unimportant4",
    "unimportant5"
  ],
  "PFI": {
    "feature": [
      "important1",
      "important2",
      "important3",
      "important4",
      "important5",
      "unimportant1",
      "unimportant2",
      "unimportant3",
      "unimportant4",
      "unimportant5"
    ],
    "importance": [
      10.207842156653745,
      8.425568121933676,
      1.3501484407928415,
      12.410565546071156,
      3.0489845501433264,
      -0.03150470659507336,
      0.08697480656976264,
      0.020680503286522267,
      0.07074439638946065,
      -0.030987517900307803
    ],
    "std": [
      2.2208604572266424,
      2.3307997723553555,
      0.3737217053037471,
      2.18360530246128,
      1.040038229931529,
      0.07880857736238257,
      0.1299591590996988,
      0.08456076044941253,
      0.05791819753777667,
      0.02273990702471194
    ]
  },
  "CFI": {
    "feature": [
      "important1",
      "important2",
      "important3",
      "important4",
      "important5",
      "unimportant1",
      "unimportant2",
      "unimportant3",
      "unimportant4",
      "unimportant5"
    ],
    "importance": [
      10.31048549093688,
      7.446588799338488,
      1.0710337232733038,
      13.122539542801718,
      3.4310152160572045,
      -0.021038803953954677,
      0.09629235627295492,
      0.02114714386908405,
      0.030044212376288026,
      -0.04022815017153984
    ],
    "std": [
      2.698976889029297,
      2.8393031152660706,
      0.3232485450711305,
      2.526606741789723,
      1.0202353627117946,
      0.023481122446780904,
      0.1281484269583332,
      0.10629357643423262,
      0.13215407843402505,
      0.07280810318106942
    ]
  },
  "RFI": {
    "feature": [
      "important1",
      "important2",
      "important3",
      "important4",
      "important5",
      "unimportant1",
      "unimportant2",
      "unimportant3",
      "unimportant4",
      "unimportant5"
    ],
    "importance": [
      1.2067183434098663,
      -1.2427261585733578,
      1.2814388721219019,
      14.916453166694406,
      3.5017839051188604,
      0.08846443971799971,
      0.11000190585247696,
      -0.03603151180672013,
      0.229413788839583,
      -0.026468464954400604
    ],
    "std": [
      3.1042454742129197,
      2.700906133889548,
      1.0264922056201555,
      4.8352600149499745,
      0.9285276437765632,
      0.14925659720280823,
      0.29028235189429613,
      0.1395652313225084,
      0.13032449697140586,
      0.06104505292562481
    ],
    "conditioning_set": [
      "important1",
      "important2"
    ]
  },
  "SAGE_Marginal": {
    "feature": [
      "important1",
      "important2",
      "important3",
      "important4",
      "important5",
      "unimportant1",
      "unimportant2",
      "unimportant3",
      "unimportant4",
      "unimportant5"
    ],
    "importance": [
      2.939397248646938,
      5.237185668873756,
      -0.03943260866821868,
      5.864605009440544,
      3.086252205102018,
      -0.07246080731658702,
      -0.08873271654630557,
      -0.09462131765374504,
      0.09415704141629606,
      -0.12123888804643572
    ],
    "std": [
      0.23680096329425926,
      0.0031811836118511272,
      0.01549122626798005,
      0.09486125618875534,
      0.11824110981485818,
      0.07598932606985229,
      0.08099666185451622,
      0.08067694101748292,
      0.12586346554450914,
      0.00583711718828439
    ]
  },
  "SAGE_Conditional": {
    "feature": [
      "important1",
      "important2",
      "important3",
      "important4",
      "important5",
      "unimportant1",
      "unimportant2",
      "unimportant3",
      "unimportant4",
      "unimportant5"
    ],
    "importance": [
      3.7005386229577635,
      5.628699129309906,
      0.13691609394866658,
      5.18511606897728,
      2.5092853453341553,
      0.2067357505600863,
      -0.5046922271441608,
      -0.64656858601601,
      0.19597234617889336,
      -0.3066421153928046
    ],
    "std": [
      0.3747710572104078,
      1.3202347999939876,
      0.08077594156917398,
      1.4902059014203781,
      0.25182629979530186,
      0.8496824679637521,
      0.34273776842306686,
      0.20315969085623217,
      0.6720620521913858,
      0.22136006937759278
    ]
  }
}