{
  "model_performance": {
    "r_squared": 0.8323647393288778
  },
  "feature_names": [
    "important1",
    "important2",
    "important3",
    "important4",
    "important5",
    "unimportant1",
    "unimportant2",
    "unimportant3",
    "unimportant4",
    "unimportant5"
  ],
  "PFI": {
    "feature": [
      "important1",
      "important2",
      "important3",
      "important4",
      "important5",
      "unimportant1",
      "unimportant2",
      "unimportant3",
      "unimportant4",
      "unimportant5"
    ],
    "importance": [
      9.702860839202412,
      8.023139286619909,
      0.6311572061960582,
      13.27807706609527,
      1.1049647839769143,
      -0.046438525822431756,
      -0.0985682366203485,
      0.06054634654929414,
      0.02157993494611281,
      -0.09505784126506116
    ],
    "std": [
      3.519358713835035,
      2.4372625123839033,
      0.5991995414415076,
      4.508161894548049,
      0.7352435912898521,
      0.07396315480501554,
      0.041299986294073714,
      0.10198199090997857,
      0.05563845352048749,
      0.10362204430145304
    ]
  },
  "CFI": {
    "feature": [
      "important1",
      "important2",
      "important3",
      "important4",
      "important5",
      "unimportant1",
      "unimportant2",
      "unimportant3",
      "unimportant4",
      "unimportant5"
    ],
    "importance": [
      9.288814047409137,
      9.956683719095272,
      0.7348490476925412,
      12.159598821051352,
      1.3232942633171765,
      -0.07149273100388394,
      -0.07560047541054367,
      0.13371047827887264,
      0.08898595820352266,
      -0.029142097938683165
    ],
    "std": [
      2.317532621159305,
      2.0937233258011214,
      0.14361583153762442,
      3.047826128683777,
      0.6540808639107004,
      0.0875418751142822,
      0.05495756952966407,
      0.06684657390222307,
      0.05925398036344212,
      0.148951580340179
    ]
  },
  "RFI": {
    "feature": [
      "important1",
      "important2",
      "important3",
      "important4",
      "important5",
      "unimportant1",
      "unimportant2",
      "unimportant3",
      "unimportant4",
      "unimportant5"
    ],
    "importance": [
      -0.643367871123505,
      -1.6764606134738123,
      1.1734063147452793,
      12.420861719227318,
      1.3625662422065496,
      -0.017795825895082107,
      -0.09501488133015439,
      0.056836062861125844,
      0.0438260784840863,
      -0.01858071580222358
    ],
    "std": [
      4.117560937804829,
      2.331527775344097,
      0.9319368351703863,
      5.102678880502283,
      0.3074610760732713,
      0.06426600811938504,
      0.1807056899100142,
      0.18338965859031744,
      0.1105723668886888,
      0.12373123993960568
    ],
    "conditioning_set": [
      "important1",
      "important2"
    ]
  },
  "SAGE_Marginal": {
    "feature": [
      "important1",
      "important2",
      "important3",
      "important4",
      "important5",
      "unimportant1",
      "unimportant2",
      "unimportant3",
      "unimportant4",
      "unimportant5"
    ],
    "importance": [
      7.148307960376884,
      6.005297231863821,
      -0.24184917141104637,
      10.986513741860174,
      2.386747372543822,
      -0.02882665288760269,
      -0.18537260611716963,
      0.007087934510181538,
      -0.18824320909444486,
      -0.1424086307783301
    ],
    "std": [
      0.17072456528558647,
      0.018953488487392943,
      0.08621278494204285,
      0.0606345987558507,
      0.04463249993675251,
      0.05241574416633482,
      0.13434264056516945,
      0.018283102764431562,
      0.029118495794430266,
      0.017154103632476537
    ]
  },
  "SAGE_Conditional": {
    "feature": [
      "important1",
      "important2",
      "important3",
      "important4",
      "important5",
      "unimportant1",
      "unimportant2",
      "unimportant3",
      "unimportant4",
      "unimportant5"
    ],
    "importance": [
      6.388945736302524,
      5.762328320969095,
      0.14711743459326787,
      10.230262734949406,
      1.5036516438698828,
      -0.8850390036758581,
      -0.3757192051599033,
      0.8510295939705823,
      0.4910084792347973,
      -0.3502050734325399
    ],
    "std": [
      0.673476588738512,
      0.6597291120431432,
      1.0006215973684651,
      0.09493070588858617,
      0.8351025098566214,
      0.7369041909396198,
      0.15128517978938252,
      0.6172423249962129,
      0.43576147655815917,
      0.2424597243225037
    ]
  }
}